"","College","HS","LessThanHS"
"College",0.437648161343718,0.477361639832423,0.0849901988238589
"HS",0.228650855709426,0.58456821309247,0.186780931198104
"LessThanHS",0.147209711956897,0.329660150583684,0.523130137459418
