,educ_HRS,Estimate,SE
(Intercept),HS,2.2546552,0.057436
base.age60,HS,0.03291135,0.03232802
sexMale,HS,-0.5482936,0.06167664
raceBlack,HS,0.4308302,0.1232995
cses,HS,-0.6242247,0.02960408
(Intercept),LessThanHS,0.4166315,0.07101182
base.age60,LessThanHS,0.31793523,0.03912782
sexMale,LessThanHS,-0.4888826,0.07529152
raceBlack,LessThanHS,1.1469836,0.1319823
cses,LessThanHS,-1.592697,0.0422771